Place,Coordinates,Time,PIN Code,Region
"5MVW+FJG, Airport City South, Hunachur, Karnataka 560300, India",(13.1937198 - 77.6966219),2024-06-03 08:30:43,560300,Airport Area
"5MVX+GC5, Airport City South, Hunachur, Karnataka 560300, India",(13.1937156 - 77.6986088),2024-06-03 08:34:27,560300,Airport Area
"5MVW+JF6, Airport City South, Hunachur, Karnataka 560300, India",(13.1939478 - 77.6960205),2024-06-03 08:37:27,560300,Airport Area
"5MVX+GC5, Airport City South, Hunachur, Karnataka 560300, India",(13.1937106 - 77.6986219),2024-06-03 08:40:48,560300,Airport Area
"5MVX+GC5, Airport City South, Hunachur, Karnataka 560300, India",(13.1937193 - 77.6986211),2024-06-03 08:45:05,560300,Airport Area
"5MVX+GC5, Airport City South, Hunachur, Karnataka 560300, India",(13.1937097 - 77.6986243),2024-06-03 08:48:33,560300,Airport Area
"KA22 BOYS, Airport City South, Bengaluru, Hunachur, Karnataka 560300, India",(13.1931485 - 77.6974101),2024-06-03 08:52:19,560300,Airport Area
"5MVW+8C5, Airport City South, Hunachur, Karnataka 560300, India",(13.1932867 - 77.696065),2024-06-03 08:56:52,560300,Airport Area
"Unnamed Road, Kadayarapanahalli, Dummanur, Karnataka, India",(13.1901511 - 77.7053231),2024-06-03 09:02:02,,Begur
"boy Mahesh KA 0190, KA 20, Airport City South, Bengaluru, Hunachur, Karnataka 560079, India",(13.1939652 - 77.6963783),2024-06-03 09:07:21,560079,Bannerghatta Road
"01, Airport City South, Chikkanahalli, Bengaluru, Hunachur, Karnataka 562157, India",(13.1940172 - 77.6974517),2024-06-03 09:12:19,562157,Airport Area
"5MVW+8C5, Airport City South, Hunachur, Karnataka 560300, India",(13.19324 - 77.6961833),2024-06-03 09:16:01,560300,Airport Area
"5MVW+F93, Airport City South, Hunachur, Karnataka 560300, India",(13.1936667 - 77.6960583),2024-06-03 09:20:34,560300,Airport Area
"Unnamed Road, Airport City South, Karnataka 560300, India",(13.1938783 - 77.6961367),2024-06-03 09:25:02,560300,Airport Area
"Unnamed Road, Airport City South, Karnataka 560300, India",(13.193755 - 77.6961283),2024-06-03 09:29:49,560300,Airport Area
"Unnamed Road, Airport City South, Karnataka 560300, India",(13.1938167 - 77.6960883),2024-06-03 09:34:15,560300,Airport Area
"5MVW+F93, Airport City South, Hunachur, Karnataka 560300, India",(13.1937133 - 77.6960533),2024-06-03 09:39:13,560300,Airport Area
"5MVX+97X, Airport City South, Hunachur, Karnataka 560300, India",(13.1934975 - 77.6983814),2024-06-03 09:41:55,560300,Airport Area
"5PV2+H5J BIAL Sewage Treatment Plant, Airport City South, Bengaluru International Airport, Anneshwara, Hunachur, Karnataka 560300, India",(13.1942133 - 77.700105),2024-06-03 09:44:38,560300,Airport Area
"Begur Dr, Airport City South, Karnataka 560300, India",(13.1939702 - 77.6810856),2024-06-03 09:47:20,560300,Airport Area
"Begur, Chikkanahalli, Bandikodegehalli Amanikere, Begur, Karnataka, India",(13.1836596 - 77.6813797),2024-06-03 09:50:03,,Begur
"5MMW+54G, Mylanahalli, Hunachur, Karnataka 562149, India",(13.1832485 - 77.6954638),2024-06-03 09:53:40,562149,Airport Area
"5MGR+8HM, Bande Kodigehalli, Bandi Kodigehalli Palya, Karnataka 562149, India",(13.176242 - 77.6925135),2024-06-03 09:56:22,562149,Airport Area
"5M6M+9W7, Huvinayakanahalli, Bengaluru, Karnataka 562149, India",(13.1608384 - 77.6845257),2024-06-03 09:59:05,562149,Airport Area
"4MVF+F34, SH 104, Bagalur Colony, Gummanahalli, Bengaluru, Karnataka 562149, India",(13.1436319 - 77.6729787),2024-06-03 10:02:41,562149,Airport Area
"Bagalur Santhe, Dasanayakanahalli, Bengaluru, Bagaluru, Karnataka 562149, India",(13.1334868 - 77.6668589),2024-06-03 10:05:24,562149,Airport Area
"Bagaluru main Road, Chagalahatti, Mitganahalli, Bengaluru, Chagalahatti, Karnataka 562149, India",(13.1212738 - 77.6684058),2024-06-03 10:08:07,562149,Airport Area
"Tavakkal Hospital, Mitganahalli, Kadusonnapanahalli, Bengaluru, Karnataka 562149, India",(13.1059033 - 77.663715),2024-06-03 10:10:50,562149,Airport Area
"Tavakkal Hospital, Mitganahalli, Kadusonnapanahalli, Bengaluru, Karnataka 562149, India",(13.1059033 - 77.663715),2024-06-03 10:13:32,562149,Airport Area
"Shop No.3,Sy.No.48/5&48/7, Hennur-Bagalur Main Road, Kadusonnapanahalli, Mitganahalli, Kadusonnapanahalli, Bengaluru, Karnataka 562149, India",(13.1059283 - 77.663625),2024-06-03 10:16:15,562149,Airport Area
"3MW3+6R9, New Airport Rd, Kannuru, Bengaluru, Karnataka 562149, India",(13.0955764 - 77.6545463),2024-06-03 10:18:57,562149,Airport Area
"3JXW+2GV, Mitganahalli, Bellahalli, Bengaluru, Karnataka 562149, India",(13.0970908 - 77.6468112),2024-06-03 10:21:40,562149,Airport Area
"55,M.S Nagar, Belhalli Cross, Hegdenagar Main Road, Yelahanka, Agrahara Badavane, Bengaluru, Bellahalli, Karnataka 560064, India",(13.0993597 - 77.6355691),2024-06-03 10:24:23,560064,Hebbal
"A9 802 provident harmony Chokkanahalli main road, Thanisandra Main Rd, opposite Sobha City Road, Kannuru, Bengaluru, Karnataka 560064, India",(13.0840627 - 77.6347067),2024-06-03 10:27:05,560064,Hebbal
"507, Thanisandra Main Rd, Sri Balaji Krupa Layout, RK Hegde Nagar, Bengaluru, Karnataka 560077, India",(13.072629 - 77.6336968),2024-06-03 10:29:48,560077,Hebbal
"36, Thanisandra Main Rd, beside Kotak Mahindra Bank, Railwaymen Layout, Sri Balaji Krupa Layout, Thanisandra, Bengaluru, Karnataka 560077, India",(13.0613967 - 77.6332317),2024-06-03 10:32:31,560077,Hebbal
"SY 85/3, Thanisandra Main Rd, Railwaymen Layout, Thanisandra, Bengaluru, Karnataka 560077, India",(13.060345 - 77.632945),2024-06-03 10:35:14,560077,Hebbal
"336, Thanisandra Main Rd, Dr.S.R.K. Nagar post, Ashwath Nagar, Thanisandra, Bengaluru, Karnataka 560045, India",(13.0564784 - 77.6329585),2024-06-03 10:37:56,560045,Indiranagar
"490, Thanisandra Main Rd, Ashwath Nagar, HBR Layout, Bengaluru, Karnataka 560043, India",(13.052009 - 77.6310929),2024-06-03 10:40:39,560043,Indiranagar
"Thanisandra Petrol Bunk Bus Stop, Thanisandra Main Rd, 5th Block, MS Ramaiah North City, Manayata Tech Park, Nagavara, Bengaluru, Karnataka 560045, India",(13.0444771 - 77.6265232),2024-06-03 10:43:21,560045,Indiranagar
"Thanisandra Petrol Bunk Bus Stop, Thanisandra Main Rd, 5th Block, MS Ramaiah North City, Manayata Tech Park, Nagavara, Bengaluru, Karnataka 560045, India",(13.04457 - 77.62642),2024-06-03 10:46:04,560045,Indiranagar
"Thanisandra Petrol Bunk Bus Stop, Thanisandra Main Rd, 5th Block, MS Ramaiah North City, Manayata Tech Park, Nagavara, Bengaluru, Karnataka 560045, India",(13.0444316 - 77.6265815),2024-06-03 10:50:42,560045,Indiranagar
"Thanisandra Petrol Bunk Bus Stop, Thanisandra Main Rd, 5th Block, MS Ramaiah North City, Manayata Tech Park, Nagavara, Bengaluru, Karnataka 560045, India",(13.0444519 - 77.6266446),2024-06-03 10:55:05,560045,Indiranagar
"132, Thanisandra Main Rd, 5th Block, MS Ramaiah North City, Manayata Tech Park, Nagavara, Bengaluru, Karnataka 560077, India",(13.0447582 - 77.6265099),2024-06-03 10:59:35,560077,Hebbal
"Thanisandra Petrol Bunk Bus Stop, Thanisandra Main Rd, 5th Block, MS Ramaiah North City, Manayata Tech Park, Nagavara, Bengaluru, Karnataka 560045, India",(13.0445028 - 77.6266053),2024-06-03 11:04:34,560045,Indiranagar
"132, Thanisandra Main Rd, 5th Block, MS Ramaiah North City, Manayata Tech Park, Nagavara, Bengaluru, Karnataka 560077, India",(13.0446246 - 77.626483),2024-06-03 11:08:36,560077,Hebbal
"Thanisandra Petrol Bunk Bus Stop, Thanisandra Main Rd, 5th Block, MS Ramaiah North City, Manayata Tech Park, Nagavara, Bengaluru, Karnataka 560045, India",(13.0445542 - 77.6264543),2024-06-03 11:13:54,560045,Indiranagar
"132, Thanisandra Main Rd, 5th Block, MS Ramaiah North City, Manayata Tech Park, Nagavara, Bengaluru, Karnataka 560077, India",(13.0446707 - 77.6265781),2024-06-03 11:16:54,560077,Hebbal
"135/2, 5th Block, Ashwath Nagar, HBR Layout, Bengaluru, Karnataka 560043, India",(13.0443666 - 77.6268252),2024-06-03 11:22:28,560043,Indiranagar
"Thanisandra Petrol Bunk Bus Stop, Thanisandra Main Rd, 5th Block, MS Ramaiah North City, Manayata Tech Park, Nagavara, Bengaluru, Karnataka 560045, India",(13.0445121 - 77.6265956),2024-06-03 11:27:25,560045,Indiranagar
"Thanisandra Petrol Bunk Bus Stop, Thanisandra Main Rd, 5th Block, MS Ramaiah North City, Manayata Tech Park, Nagavara, Bengaluru, Karnataka 560045, India",(13.0445168 - 77.6265983),2024-06-03 11:30:58,560045,Indiranagar
"Thanisandra Petrol Bunk Bus Stop, Thanisandra Main Rd, 5th Block, MS Ramaiah North City, Manayata Tech Park, Nagavara, Bengaluru, Karnataka 560045, India",(13.0444946 - 77.6265427),2024-06-03 11:36:23,560045,Indiranagar
"Thanisandra Petrol Bunk Bus Stop, Thanisandra Main Rd, 5th Block, MS Ramaiah North City, Manayata Tech Park, Nagavara, Bengaluru, Karnataka 560045, India",(13.0444398 - 77.6265988),2024-06-03 11:41:04,560045,Indiranagar
"Thanisandra Petrol Bunk Bus Stop, Thanisandra Main Rd, 5th Block, MS Ramaiah North City, Manayata Tech Park, Nagavara, Bengaluru, Karnataka 560045, India",(13.0443902 - 77.6265376),2024-06-03 11:46:33,560045,Indiranagar
"135/2, 5th Block, Ashwath Nagar, HBR Layout, Bengaluru, Karnataka 560043, India",(13.0444286 - 77.6266948),2024-06-03 11:51:39,560043,Indiranagar
"Thanisandra Petrol Bunk Bus Stop, Thanisandra Main Rd, 5th Block, MS Ramaiah North City, Manayata Tech Park, Nagavara, Bengaluru, Karnataka 560045, India",(13.0444309 - 77.6264166),2024-06-03 11:56:27,560045,Indiranagar
"132, Thanisandra Main Rd, 5th Block, MS Ramaiah North City, Manayata Tech Park, Nagavara, Bengaluru, Karnataka 560077, India",(13.0446171 - 77.6265413),2024-06-03 12:01:30,560077,Hebbal
"Thanisandra Petrol Bunk Bus Stop, Thanisandra Main Rd, 5th Block, MS Ramaiah North City, Manayata Tech Park, Nagavara, Bengaluru, Karnataka 560045, India",(13.0445483 - 77.6265233),2024-06-03 12:06:29,560045,Indiranagar
"Thanisandra Petrol Bunk Bus Stop, Thanisandra Main Rd, 5th Block, MS Ramaiah North City, Manayata Tech Park, Nagavara, Bengaluru, Karnataka 560045, India",(13.0444987 - 77.6264682),2024-06-03 12:10:17,560045,Indiranagar
"Thanisandra Petrol Bunk Bus Stop, Thanisandra Main Rd, 5th Block, MS Ramaiah North City, Manayata Tech Park, Nagavara, Bengaluru, Karnataka 560045, India",(13.0445518 - 77.6266185),2024-06-03 12:15:49,560045,Indiranagar
"Thanisandra Petrol Bunk Bus Stop, Thanisandra Main Rd, 5th Block, MS Ramaiah North City, Manayata Tech Park, Nagavara, Bengaluru, Karnataka 560045, India",(13.0444879 - 77.6264279),2024-06-03 12:21:15,560045,Indiranagar
"Thanisandra Petrol Bunk Bus Stop, Thanisandra Main Rd, 5th Block, MS Ramaiah North City, Manayata Tech Park, Nagavara, Bengaluru, Karnataka 560045, India",(13.0446367 - 77.6263967),2024-06-03 12:26:15,560045,Indiranagar
"132, Thanisandra Main Rd, 5th Block, MS Ramaiah North City, Manayata Tech Park, Nagavara, Bengaluru, Karnataka 560077, India",(13.0447193 - 77.6265472),2024-06-03 12:31:21,560077,Hebbal
"132, Thanisandra Main Rd, 5th Block, MS Ramaiah North City, Manayata Tech Park, Nagavara, Bengaluru, Karnataka 560077, India",(13.0446396 - 77.6265702),2024-06-03 12:36:46,560077,Hebbal
"Thanisandra Petrol Bunk Bus Stop, Thanisandra Main Rd, 5th Block, MS Ramaiah North City, Manayata Tech Park, Nagavara, Bengaluru, Karnataka 560045, India",(13.0445562 - 77.6265307),2024-06-03 12:42:05,560045,Indiranagar
"132, Thanisandra Main Rd, 5th Block, MS Ramaiah North City, Manayata Tech Park, Nagavara, Bengaluru, Karnataka 560077, India",(13.044669 - 77.6266347),2024-06-03 12:47:17,560077,Hebbal
"2JVG+RPH, 5th Block, Ashwath Nagar, HBR Layout, Bengaluru, Karnataka 560045, India",(13.0446329 - 77.6267667),2024-06-03 12:52:43,560045,Indiranagar
"132, Thanisandra Main Rd, 5th Block, MS Ramaiah North City, Manayata Tech Park, Nagavara, Bengaluru, Karnataka 560077, India",(13.0446717 - 77.6265788),2024-06-03 12:57:30,560077,Hebbal
"135/2, 5th Block, Ashwath Nagar, HBR Layout, Bengaluru, Karnataka 560043, India",(13.0444008 - 77.6266975),2024-06-03 13:02:55,560043,Indiranagar
"Nagavara , elements mall, 4th Floor, 5th Block, MS Ramaiah North City, Manayata Tech Park, Nagavara, Bengaluru, Karnataka 560045, India",(13.0451167 - 77.6267083),2024-06-03 13:07:49,560045,Indiranagar
"651, Garment Sara Palya Main Rd, Ashwath Nagar, HBR Layout, Bengaluru, Karnataka 560045, India",(13.0457417 - 77.6276565),2024-06-03 13:12:06,560045,Indiranagar
"2JWH+J74, Ashwath Nagar, HBR Layout, Bengaluru, Karnataka 560077, India",(13.0464925 - 77.628305),2024-06-03 13:16:36,560077,Hebbal
"9, Thanisandra Main Rd, Bharath Nagar, Manayata Tech Park, Thanisandra, Bengaluru, Karnataka 560024, India",(13.0465505 - 77.6280136),2024-06-03 13:20:56,560024,Bannerghatta Road
"2JWH+G6G, Ashwath Nagar, Sinthan Nagar, Bengaluru, Karnataka 560045, India",(13.0463572 - 77.6280641),2024-06-03 13:23:53,560045,Indiranagar
"ceiling impex 435/A thannisandra main road saraiplya, Manayata Tech Park, Thanisandra, Bengaluru, Karnataka 560077, India",(13.0468983 - 77.627565),2024-06-03 13:27:44,560077,Hebbal
"132, Thanisandra Main Rd, 5th Block, MS Ramaiah North City, Manayata Tech Park, Nagavara, Bengaluru, Karnataka 560077, India",(13.0445962 - 77.6265121),2024-06-03 13:30:27,560077,Hebbal
"Jn of Nagavara, 5th Block, Ashwath Nagar, HBR Layout, Bengaluru, Karnataka 560045, India",(13.04068 - 77.6245467),2024-06-03 13:33:09,560045,Indiranagar
"1873, Service Rd, Brindavan Nagar, HBR Layout, Bengaluru, Karnataka 560043, India",(13.0372717 - 77.6271819),2024-06-03 13:35:52,560043,Indiranagar
"1016, Block 4, HBR Layout, Bengaluru, Karnataka 560043, India",(13.0310718 - 77.6306421),2024-06-03 13:38:34,560043,Indiranagar
"2JGR+854, Chelekere Main Rd, near ginger green bar, Chelekare, Kalyan Nagar, Bengaluru, Karnataka 560043, India",(13.0256769 - 77.6403504),2024-06-03 13:41:16,560043,Indiranagar
"Horamavu, HRBR Layout 1st Block, HRBR Layout, Kalyan Nagar, Bengaluru, Karnataka 560043, India",(13.0195468 - 77.6544339),2024-06-03 13:43:58,560043,Indiranagar
"55, Kallumantapa, Horamavu, Bengaluru, Karnataka 560043, India",(13.0176138 - 77.6590412),2024-06-03 13:46:41,560043,Indiranagar
"2M56+8WH, Service Rd, B Channasandra, Kasturi Nagar, Bengaluru, Karnataka 560043, India",(13.0083959 - 77.662635),2024-06-03 13:49:23,560043,Indiranagar
"XMW7+HV2 Benniganahalli Flyover 1, Krishna Reddy Industrial Estate, Dooravani Nagar, Bengaluru, Karnataka 560016, India",(12.9960779 - 77.6649705),2024-06-03 13:52:05,560016,Indiranagar
"134, Krishna Reddy Industrial Estate, Dooravani Nagar, Bengaluru, Karnataka 560016, India",(12.9964137 - 77.6679434),2024-06-03 13:54:47,560016,Indiranagar
"17, Old Madras Rd, Krishna Reddy Industrial Estate, Krishnarajapuram, Bengaluru, Karnataka 560016, India",(12.9974731 - 77.6701272),2024-06-03 13:57:29,560016,Indiranagar
"XMXC+8PC, Dooravani Nagar, Bengaluru, Karnataka 560016, India",(12.998196 - 77.6717406),2024-06-03 14:00:11,560016,Indiranagar
"78, Old Madras Rd, Jyothi Puram, Dooravani Nagar, Bengaluru, Karnataka 560016, India",(12.9991324 - 77.6737094),2024-06-03 14:02:53,560016,Indiranagar
"Krishnarajapuram railway station, Dooravani Nagar, Bengaluru, Karnataka 560016, India",(12.9999175 - 77.6754436),2024-06-03 14:05:35,560016,Indiranagar
"02, A Narayanapura Extension, Mahadevapura, Bengaluru, Karnataka 560016, India",(12.99697 - 77.6833555),2024-06-03 14:08:18,560016,Indiranagar
"19/3, Chinappa Layout, Mahadevapura, Bengaluru, Karnataka 560048, India",(12.9907317 - 77.6872367),2024-06-03 14:11:00,560048,Electronic City
"370, Chinappa Layout, Mahadevapura, Bengaluru, Karnataka 560048, India",(12.9893383 - 77.6871433),2024-06-03 14:14:43,560048,Electronic City
"4, A Main Rd, Phase 2, B, Chinappa Layout, Mahadevapura, Bengaluru, Karnataka 560093, India",(12.9892422 - 77.6871069),2024-06-03 14:19:26,560093,Rajajinagar
"370, Chinappa Layout, Mahadevapura, Bengaluru, Karnataka 560048, India",(12.9892955 - 77.6871483),2024-06-03 14:24:43,560048,Electronic City
"174, Service Rd, near Choice Bakery & Sweets, Mahadevapura, Bengaluru, Karnataka 560016, India",(12.9910043 - 77.6873051),2024-06-03 14:29:14,560016,Indiranagar
"2M2H+6F5, Chinappa Colony, Mahadevapura, Bengaluru, Karnataka 560016, India",(13.0002062 - 77.6788731),2024-06-03 14:31:57,560016,Indiranagar
"Arden Fair, 1st Main Rd, Sakshi Nagar, Pai Layout, Mahadevapura, Bengaluru, Karnataka 560016, India",(12.9954252 - 77.6661637),2024-06-03 14:34:40,560016,Indiranagar
"Kasturi Nagar Bus Stop, East of NGEF Layout, Kasturi Nagar, Bengaluru, Karnataka 560043, India",(13.0041685 - 77.6631204),2024-06-03 14:37:22,560043,Indiranagar
"109, Vijaya Bank Colony, Banaswadi, Bengaluru, Karnataka 560043, India",(13.0162483 - 77.6617955),2024-06-03 14:40:04,560043,Indiranagar
"2JCX+HGP, 12th Main Rd, HRBR Layout 1st Block, HAL 2nd Stage, Appareddipalya, Indiranagar, Bengaluru, Karnataka 560043, India",(13.0217668 - 77.6488352),2024-06-03 14:42:46,560043,Indiranagar
"30, 5th A Cross Rd, HRBR Layout 3rd Block, HRBR Layout, Kalyan Nagar, Bengaluru, Karnataka 560043, India",(13.0266843 - 77.6353526),2024-06-03 14:45:28,560043,Indiranagar
"1870, Service Rd, Brindavan Nagar, HBR Layout, Bengaluru, Karnataka 560043, India",(13.0373346 - 77.626837),2024-06-03 14:48:10,560043,Indiranagar
"54, Outer Ring Rd, opp. lumbini garden, Veerannapalya, Hebbal, Bengaluru, Karnataka 560045, India",(13.0427145 - 77.6108619),2024-06-03 14:50:52,560045,Indiranagar
"1, NH 44, Kariyana Layout, Guddadahalli, Hebbal, Bengaluru, Karnataka 560032, India",(13.0426915 - 77.5980124),2024-06-03 14:53:35,560032,Rajajinagar
"AH43, Hebbal Kempapura, Bengaluru, Karnataka 560024, India",(13.0432624 - 77.59036),2024-06-03 14:56:17,560024,Bannerghatta Road
"GM Arcade, 102/3, Bellary Road, Hebbal, Next Aster CMI Hospital, inside Fab India Stores, Sanjeevini Nagar, Bengaluru, Karnataka 560092, India",(13.0552091 - 77.5933908),2024-06-03 14:58:59,560092,Bannerghatta Road
"3HJV+F3H, Yashoda Nagar, Yelahanka, Bengaluru, Karnataka 560064, India",(13.0809138 - 77.5931284),2024-06-03 15:01:41,560064,Hebbal
"S.NO.215/3,KATTIGENAHALLI, Venkatala Village, Chowdeshwari Layout, Yelahanka, Bengaluru, Karnataka 560064, India",(13.1130575 - 77.6058489),2024-06-03 15:05:17,560064,Hebbal
"4JR8+WRR Hunsemarnahalli Lake Entrance Gate, Hunasamaranahalli, Bengaluru, Karnataka 562157, India",(13.1416896 - 77.6174192),2024-06-03 15:07:59,562157,Airport Area
"Kadugenahalli Gate, Chikkajala, Karnataka 562157, India",(13.167969 - 77.6312134),2024-06-03 15:10:41,562157,Airport Area
"5JRW+77V, Bengaluru, Karnataka 562149, India",(13.1905817 - 77.6458583),2024-06-03 15:14:17,562149,Airport Area
"Tadipatri - Bangalore Rd, Karnataka 562157, India",(13.1956336 - 77.6527821),2024-06-03 15:16:59,562157,Airport Area
"5PX2+MG4, Hunachur, Karnataka 562300, India",(13.1983552 - 77.7020445),2024-06-03 15:21:29,562300,Koramangala
"5PX8+G32, Devanahalli, Southegowdanahalli, Gangamuthanahalli, Karnataka 562110, India",(13.1988083 - 77.7152133),2024-06-03 15:25:05,562110,Yeshwanthpur
"5PX8+G32, Devanahalli, Southegowdanahalli, Gangamuthanahalli, Karnataka 562110, India",(13.1989668 - 77.7151815),2024-06-03 15:28:24,562110,Yeshwanthpur
"3, Airport City South, Basaveshwar Nagar, Bengaluru, Hunachur, Karnataka 560079, India",(13.1939825 - 77.6967361),2024-06-03 15:33:44,560079,Bannerghatta Road
"3, Airport City South, Basaveshwar Nagar, Bengaluru, Hunachur, Karnataka 560079, India",(13.1939825 - 77.6967361),2024-06-03 15:37:54,560079,Bannerghatta Road
"5MVW+F93, Airport City South, Hunachur, Karnataka 560300, India",(13.1937321 - 77.6960063),2024-06-03 15:39:31,560300,Airport Area
"29, Channanayakana Palya, Mysore Lamp Employees Cooperative Society Layout, Chikkabidarakallu, Bengaluru, Karnataka 560073, India",(13.0422426 - 77.4872111),2024-06-03 07:32:35,560073,Hebbal
"Sri Anjaneshwara Nilayam, 2, Doddabidarakallu, Bengaluru, Karnataka 560073, India",(13.0368577 - 77.4832824),2024-06-03 07:35:58,560073,Hebbal
"2FPM+RMG, Tippenahalli Main Rd, Shakti Farm, Doddabidarakull, Bengaluru, Karnataka 560073, India",(13.0370483 - 77.48437),2024-06-03 07:39:17,560073,Hebbal
"2FPM+RMG, Tippenahalli Main Rd, Shakti Farm, Doddabidarakull, Bengaluru, Karnataka 560073, India",(13.0370033 - 77.4842267),2024-06-03 07:42:44,560073,Hebbal
"Sri Vajramuneshwara Nilayam, 279, Doddabidarakallu, Bengaluru, Karnataka 560073, India",(13.0365569 - 77.4843579),2024-06-03 07:45:44,560073,Hebbal
"2FPM+PH8, Doddabidarakull, Bengaluru, Karnataka 560073, India",(13.0365394 - 77.4839994),2024-06-03 07:49:27,560073,Hebbal
"2FPM+PH8, Doddabidarakull, Bengaluru, Karnataka 560073, India",(13.0365394 - 77.4839994),2024-06-03 07:52:44,560073,Hebbal
"Sri Vajramuneshwara Nilayam, 279, Doddabidarakallu, Bengaluru, Karnataka 560073, India",(13.036805 - 77.4846617),2024-06-03 07:56:50,560073,Hebbal
"2FPM+PH8, Doddabidarakull, Bengaluru, Karnataka 560073, India",(13.0365394 - 77.4839994),2024-06-03 08:00:12,560073,Hebbal
"2FPM+RMG, Tippenahalli Main Rd, Shakti Farm, Doddabidarakull, Bengaluru, Karnataka 560073, India",(13.03699 - 77.4843533),2024-06-03 08:04:23,560073,Hebbal
"2FPM+RMG, Tippenahalli Main Rd, Shakti Farm, Doddabidarakull, Bengaluru, Karnataka 560073, India",(13.036895 - 77.484235),2024-06-03 08:07:55,560073,Hebbal
"2FPM+FHM, Main Rd, Layout, Doddabidarakull, Bengaluru, Karnataka 560073, India",(13.036455 - 77.4842183),2024-06-03 08:11:22,560073,Hebbal
"2FPM+PH8, Doddabidarakull, Bengaluru, Karnataka 560073, India",(13.0365394 - 77.4839994),2024-06-03 08:16:04,560073,Hebbal
"2FPQ+PQ9, 1st Main Rd, SLN Layout, Doddabidarakallu, Bengaluru, Karnataka 560073, India",(13.0368883 - 77.48955),2024-06-03 08:19:24,560073,Hebbal
"1243, Nagasandra Main Rd, Nagasandra, Bengaluru, Karnataka 560073, India",(13.0404402 - 77.4973821),2024-06-03 08:22:32,560073,Hebbal
"917, 5th Block HMT Layout, Nagasandra, Bengaluru, Karnataka 560073, India",(13.0381583 - 77.5003017),2024-06-03 08:25:41,560073,Hebbal
"67, 1st St Cross, 1st block, HMT Layout, Nagasandra, Bengaluru, Karnataka 560073, India",(13.0388017 - 77.5036717),2024-06-03 08:28:48,560073,Hebbal
"49, Panchami Amaravathi Layout, Nalagadderanahalli, Peenya 1st Cross, Vishnuvardhan road, post, Amaravathi Layout, Nagara Bavi, Nalagadderanahalli, Nagasandra, Bengaluru, Karnataka 560073, India",(13.0364182 - 77.5062963),2024-06-03 08:31:55,560073,Hebbal
"F18, Phase -1, Peenya, Bengaluru, Karnataka 560058, India",(13.0348317 - 77.517115),2024-06-03 08:35:01,560058,MG Road
"3/1, Shri Muneshwara Estate, Police station Road, Peenya, Bengaluru-560058, First Floor, above Hotel Karavali, Peenya II Phase, Peenya, Bengaluru, Karnataka 560058, India",(13.0377445 - 77.521835),2024-06-03 08:38:09,560058,MG Road
"Metro Station Peenya, Metro Station Peenya, Bengaluru, Karnataka 560022, India",(13.0324617 - 77.5338833),2024-06-03 08:41:41,560022,Rajajinagar
"105b, Tumkur Rd, Yeshwanthpur Industrial Area, Phase 1, Peenya, Bengaluru, Karnataka 560001, India",(13.031125 - 77.53613),2024-06-03 08:44:50,560001,MG Road
"2, Tumkur Rd, Next to, Goraguntepalya, Yeswanthpur, Bengaluru, Karnataka 560022, India",(13.0288867 - 77.5392983),2024-06-03 08:47:58,560022,Rajajinagar
"BLOCK-A, APARNA ELINA, Nelamangala - Majestic Service Rd, Marappanapalya, Mahalakshmi Layout, Bengaluru, Karnataka 560022, India",(13.020635 - 77.5519098),2024-06-03 08:51:04,560022,Rajajinagar
"Yeshwanthpura Police Station, Malleshwaram, Bengaluru, Karnataka 560012, India",(13.0172919 - 77.5596729),2024-06-03 08:54:15,560012,Yeshwanthpur
"Devasandra, Krishnarajapura, 2H88+39G, Mathikere, Bengaluru, Karnataka 560012, India",(13.01477 - 77.5660067),2024-06-03 08:56:59,560012,Yeshwanthpur
"Institute Of Science Campus, 17, Devasandra Layout, Bengaluru, Karnataka 560012, India",(13.0226972 - 77.5684412),2024-06-03 09:01:36,560012,Yeshwanthpur
"Institute Of Science Campus, 17, Devasandra Layout, Bengaluru, Karnataka 560012, India",(13.0219517 - 77.568305),2024-06-03 09:04:48,560012,Yeshwanthpur
"Tata Institute, Mathikere, Bengaluru, Karnataka 560012, India",(13.0144167 - 77.56816),2024-06-03 09:07:55,560012,Yeshwanthpur
"2H7C+R97 Indian Institute of Science (Bengaluru), CV Raman Rd, Kodandarampura, Malleshwaram, Bengaluru, Karnataka 560012, India",(13.014375 - 77.5705933),2024-06-03 09:11:00,560012,Yeshwanthpur
"2H7C+2X7, Sankey Tank Trail, Kodandarampura, Malleshwaram, Bengaluru, Karnataka 560080, India",(13.0126383 - 77.5725583),2024-06-03 09:15:06,560080,MG Road
"C Type Uas Quarters, Reserve Bank Of India Colony, 5901, Service Road, RBI Colony, Ganganagar, Bengaluru, Karnataka 560032, India",(13.029401 - 77.5863785),2024-06-03 09:18:05,560032,Rajajinagar
"No 349/1, near old ward office, Bayanna Layout, Hebbal, Bengaluru, Karnataka 560024, India",(13.0395255 - 77.5897884),2024-06-03 09:21:07,560024,Bannerghatta Road
"360, Bellary Rd, behind Bescom Office, Bayanna Layout, Hebbal, Bengaluru, Karnataka 560024, India",(13.039635 - 77.5896533),2024-06-03 09:24:14,560024,Bannerghatta Road
"2JV2+9QX, Service Rd, Nagavara, Bengaluru, Karnataka 560032, India",(13.0433 - 77.6023967),2024-06-03 09:27:20,560032,Rajajinagar
"2JR5+G4M, Jogappa Layout, Nagavara, Bengaluru, Karnataka 560032, India",(13.0418783 - 77.6071416),2024-06-03 09:30:24,560032,Rajajinagar
"#T2, 3RD FLOOR, 4TH BLOCK, JK TOWER, 5th Block, Telecom Layout, HBR Layout, Bengaluru, Karnataka 560043, India",(13.0325451 - 77.6299545),2024-06-03 09:33:23,560043,Indiranagar
"3, Hennur 1st Cross Rd, Meganahalli, Kalyan Nagar, Bengaluru, Karnataka 560043, India",(13.0284733 - 77.6339767),2024-06-03 09:37:12,560043,Indiranagar
"54, Kallumantapa, Horamavu, Bengaluru, Karnataka 560043, India",(13.0180279 - 77.6584842),2024-06-03 09:40:17,560043,Indiranagar
"134/2, Service Rd, Kallumantapa, Horamavu, Bengaluru, Karnataka 560113, India",(13.01731 - 77.659585),2024-06-03 09:43:24,560113,Koramangala
"Service Rd, Kasturi Nagar, Bengaluru, Karnataka 560043, India",(13.0063218 - 77.6627396),2024-06-03 09:46:41,560043,Indiranagar
"124/e, 2nd Main Rd, East of NGEF Layout, Kasturi Nagar, Bengaluru, Karnataka 560043, India",(12.9996233 - 77.6624817),2024-06-03 09:51:10,560043,Indiranagar
"11, Industrial Estate A Reddy, Dooravani Nagar, Bengaluru, Karnataka 560016, India",(12.99814 - 77.6678233),2024-06-03 09:54:15,560016,Indiranagar
"XMW9+XPW, Krishna Reddy Industrial Estate, Dooravani Nagar, Bengaluru, Karnataka 560016, India",(12.9976467 - 77.669275),2024-06-03 09:57:19,560016,Indiranagar
"2M2G+F7H, Krishnarajapuram Rd, Vijinapura, Dooravani Nagar, Bengaluru, Karnataka 560016, India",(13.00117 - 77.6757883),2024-06-03 10:00:26,560016,Indiranagar
"63/1, ITPL Main Rd, Singayyanapalya, Krishnarajapuram, Bengaluru, Karnataka 560036, India",(12.9961655 - 77.6939267),2024-06-03 10:04:33,560036,Yeshwanthpur
"XPV6+39J, ITPL Main Rd, KEB Colony, Industrial Area, Hoodi, Bengaluru, Karnataka 560048, India",(12.9928367 - 77.71076),2024-06-03 10:07:45,560048,Electronic City
"XPR7+QMQ, Hoodi Main Rd, KEB Colony, Industrial Area, Hoodi, Bengaluru, Karnataka 560048, India",(12.9918933 - 77.7143333),2024-06-03 10:10:50,560048,Electronic City
"Gopalan Grandeur, 1/2, Hoodi Main Rd, Hoodi, Bengaluru, Karnataka 560048, India",(12.9919217 - 77.7159033),2024-06-03 10:13:55,560048,Electronic City
"104, Maruthi Nagar, KIADB Export Promotion Industrial Area, Whitefield, Bengaluru, Karnataka 560066, India",(12.9893367 - 77.7241567),2024-06-03 10:17:04,560066,Whitefield Area
"2, Whitefield Main Rd, Thigalarapalya, Whitefield, Bengaluru, Karnataka 560066, India",(12.9887083 - 77.7306583),2024-06-03 10:21:13,560066,Whitefield Area
"Jbr Tech Park, Jbr Tech Park, KIADB Export Promotion Industrial Area, Whitefield, Bengaluru, Karnataka 560066, India",(12.9781883 - 77.727825),2024-06-03 10:25:24,560066,Whitefield Area
"T18, Vijayanagar, KIADB Export Promotion Industrial Area, Whitefield, Bengaluru, Karnataka 560066, India",(12.9768487 - 77.7262443),2024-06-03 10:29:38,560066,Whitefield Area
"T18, Vijayanagar, KIADB Export Promotion Industrial Area, Whitefield, Bengaluru, Karnataka 560066, India",(12.9768396 - 77.7262542),2024-06-03 10:32:42,560066,Whitefield Area
"Itpl Main Bus Station, Itpl Main Bus Station, Vijayanagar, KIADB Export Promotion Industrial Area, Whitefield, Bengaluru, Karnataka 560066, India",(12.9770083 - 77.72651),2024-06-03 10:35:47,560066,Whitefield Area
"Itpl Main Bus Station, Itpl Main Bus Station, Vijayanagar, KIADB Export Promotion Industrial Area, Whitefield, Bengaluru, Karnataka 560066, India",(12.9770083 - 77.72651),2024-06-03 10:38:47,560066,Whitefield Area
"XPGG+PMP, Rd Number 2, Vijayanagar, KIADB Export Promotion Industrial Area, Whitefield, Bengaluru, Karnataka 560066, India",(12.976841 - 77.7266488),2024-06-03 10:42:51,560066,Whitefield Area
"XPGG+PMP, Rd Number 2, Vijayanagar, KIADB Export Promotion Industrial Area, Whitefield, Bengaluru, Karnataka 560066, India",(12.976831 - 77.7265349),2024-06-03 10:46:48,560066,Whitefield Area
"TATA CONSULTANCY SERVICES-1, KIADB Export Promotion Industrial Area, Whitefield, Bengaluru, Karnataka 560066, India",(12.977735 - 77.7271823),2024-06-03 10:49:43,560066,Whitefield Area
"TATA CONSULTANCY SERVICES-1, KIADB Export Promotion Industrial Area, Whitefield, Bengaluru, Karnataka 560066, India",(12.9776983 - 77.7272),2024-06-03 10:52:26,560066,Whitefield Area
"TATA CONSULTANCY SERVICES-1, KIADB Export Promotion Industrial Area, Whitefield, Bengaluru, Karnataka 560066, India",(12.9776488 - 77.7271396),2024-06-03 10:55:08,560066,Whitefield Area
"TATA CONSULTANCY SERVICES-1, KIADB Export Promotion Industrial Area, Whitefield, Bengaluru, Karnataka 560066, India",(12.977644 - 77.7271357),2024-06-03 10:57:52,560066,Whitefield Area
"TATA CONSULTANCY SERVICES-1, KIADB Export Promotion Industrial Area, Whitefield, Bengaluru, Karnataka 560066, India",(12.9776413 - 77.7271337),2024-06-03 11:00:35,560066,Whitefield Area
"TATA CONSULTANCY SERVICES-1, KIADB Export Promotion Industrial Area, Whitefield, Bengaluru, Karnataka 560066, India",(12.9777733 - 77.727165),2024-06-03 11:03:18,560066,Whitefield Area
"TATA CONSULTANCY SERVICES-1, KIADB Export Promotion Industrial Area, Whitefield, Bengaluru, Karnataka 560066, India",(12.9777733 - 77.727165),2024-06-03 11:06:00,560066,Whitefield Area
"TATA CONSULTANCY SERVICES-1, KIADB Export Promotion Industrial Area, Whitefield, Bengaluru, Karnataka 560066, India",(12.9777817 - 77.7271417),2024-06-03 11:08:43,560066,Whitefield Area
"TATA CONSULTANCY SERVICES-1, KIADB Export Promotion Industrial Area, Whitefield, Bengaluru, Karnataka 560066, India",(12.97774 - 77.727175),2024-06-03 11:11:26,560066,Whitefield Area
"TATA CONSULTANCY SERVICES-1, KIADB Export Promotion Industrial Area, Whitefield, Bengaluru, Karnataka 560066, India",(12.977745 - 77.7271583),2024-06-03 11:14:09,560066,Whitefield Area
"L-Center, Vydehi RC-1 Block, EPIP Industrial Area, 82, 6th Rd, KIADB Export Promotion Industrial Area, Whitefield, Bengaluru, Karnataka 560066, India",(12.9779467 - 77.7273017),2024-06-03 11:16:51,560066,Whitefield Area
"Vydehi Circle, Vijayanagar, KIADB Export Promotion Industrial Area, Whitefield, Bengaluru, Karnataka 560066, India",(12.9770167 - 77.7272833),2024-06-03 11:19:34,560066,Whitefield Area
"#82, Nallurahalli Main Rd, near BMTC 18th Depot, Vijayanagar, Nallurhalli, Whitefield, Bengaluru, Karnataka 560066, India",(12.975915 - 77.729425),2024-06-03 11:22:17,560066,Whitefield Area
"95, Export Promotion Industrial Park, opposite Vahedhi Hospital, Vijayanagar, EPIP Zone, Whitefield, Bengaluru, Karnataka 560066, India",(12.9759646 - 77.72729),2024-06-03 11:25:00,560066,Whitefield Area
"357, Nallurhalli, Whitefield, Bengaluru, Karnataka 560066, India",(12.967035 - 77.7308971),2024-06-03 11:27:43,560066,Whitefield Area
"8, Varthur Main Rd, near Bus stop, Palm Meadows, Siddapura, Whitefield, Bengaluru, Karnataka 560066, India",(12.957697 - 77.7315418),2024-06-03 11:30:26,560066,Whitefield Area
"699-1, Adarsh Palm Meadows Rd, Phase 1, Ramagondanahalli, Whitefield, Bengaluru, Karnataka 560066, India",(12.957065 - 77.7389619),2024-06-03 11:33:08,560066,Whitefield Area
"SH 35, Whitefield Main Rd, Varthur, Bengaluru, Karnataka 560087, India",(12.9535353 - 77.7445179),2024-06-03 11:35:51,560087,Whitefield Area
"WPWW+GPV, SH 35, Devasthanagalu, Varthur, Bengaluru, Karnataka 560087, India",(12.9462917 - 77.74686),2024-06-03 11:38:34,560087,Whitefield Area
"WPWW+GPV, SH 35, Devasthanagalu, Varthur, Bengaluru, Karnataka 560087, India",(12.9458121 - 77.7471347),2024-06-03 11:41:17,560087,Whitefield Area
"1, Devasthanagalu, Varthur, Bengaluru, Karnataka 560087, India",(12.9445433 - 77.7471083),2024-06-03 11:44:00,560087,Whitefield Area
"9, 9/1, near CANARA BANK - BENGALURU VARTHUR, Varthur, Bengaluru, Karnataka 560087, India",(12.9431433 - 77.7470917),2024-06-03 11:46:43,560087,Whitefield Area
"WPQW+HXX, Varthur, Bengaluru, Karnataka 560087, India",(12.9390951 - 77.7474768),2024-06-03 11:50:20,560087,Whitefield Area
"WPMV+M99, Varthur, Bengaluru, Karnataka 560087, India",(12.9342342 - 77.7433878),2024-06-03 11:53:03,560087,Whitefield Area
"SH35, Gunjur Village, Bengaluru, Karnataka 560087, India",(12.9270629 - 77.7383421),2024-06-03 11:55:46,560087,Whitefield Area
"57/1, Gunjur Rd, Kachamaranahalli, Bengaluru, Karnataka 560087, India",(12.9174658 - 77.7343132),2024-06-03 11:59:23,560087,Whitefield Area
"WP4J+X43, Kachamaranahalli, Bengaluru, Karnataka 560087, India",(12.9078033 - 77.7296782),2024-06-03 12:02:06,560087,Whitefield Area
"Mulluru, Bengaluru, Karnataka 560087, India",(12.9042917 - 77.72464),2024-06-03 12:05:43,560087,Whitefield Area
"Mulluru, Bengaluru, Karnataka 560087, India",(12.9042917 - 77.72464),2024-06-03 12:08:26,560087,Whitefield Area
"Mulluru, Bengaluru, Karnataka 560087, India",(12.9042917 - 77.72464),2024-06-03 12:11:09,560087,Whitefield Area
"Mulluru, Bengaluru, Karnataka 560087, India",(12.9042917 - 77.72464),2024-06-03 12:13:52,560087,Whitefield Area
"Mulluru, Bengaluru, Karnataka 560087, India",(12.9042917 - 77.72464),2024-06-03 12:16:35,560087,Whitefield Area
"104, Mullur, Bengaluru, Karnataka 560087, India",(12.903285 - 77.7244067),2024-06-03 12:19:18,560087,Whitefield Area
"88, Mullur Rd, Mullur, Bengaluru, Karnataka 560087, India",(12.9008567 - 77.72332),2024-06-03 12:22:01,560087,Whitefield Area
"88, Mullur Rd, Mullur, Bengaluru, Karnataka 560087, India",(12.9008567 - 77.72332),2024-06-03 12:24:43,560087,Whitefield Area
"88, Mullur Rd, Mullur, Bengaluru, Karnataka 560087, India",(12.9008567 - 77.72332),2024-06-03 12:27:27,560087,Whitefield Area
"88, Mullur Rd, Mullur, Bengaluru, Karnataka 560087, India",(12.9008567 - 77.72332),2024-06-03 12:30:10,560087,Whitefield Area
"88, Mullur Rd, Mullur, Bengaluru, Karnataka 560087, India",(12.9008567 - 77.72332),2024-06-03 12:32:53,560087,Whitefield Area
"88, Mullur Rd, Mullur, Bengaluru, Karnataka 560087, India",(12.9008567 - 77.72332),2024-06-03 12:35:36,560087,Whitefield Area
"88, Mullur Rd, Mullur, Bengaluru, Karnataka 560087, India",(12.9008567 - 77.72332),2024-06-03 12:38:19,560087,Whitefield Area
"88, Mullur Rd, Mullur, Bengaluru, Karnataka 560087, India",(12.9008567 - 77.72332),2024-06-03 12:41:01,560087,Whitefield Area
"88, Mullur Rd, Mullur, Bengaluru, Karnataka 560087, India",(12.9008567 - 77.72332),2024-06-03 12:43:44,560087,Whitefield Area
"88, Mullur Rd, Mullur, Bengaluru, Karnataka 560087, India",(12.9008567 - 77.72332),2024-06-03 12:46:27,560087,Whitefield Area
"88, Mullur Rd, Mullur, Bengaluru, Karnataka 560087, India",(12.9008567 - 77.72332),2024-06-03 12:49:10,560087,Whitefield Area
"88, Mullur Rd, Mullur, Bengaluru, Karnataka 560087, India",(12.9008567 - 77.72332),2024-06-03 12:51:52,560087,Whitefield Area
"WP2F+2C8, 1st Main Rd, near government school, Mullur, Bengaluru, Karnataka 560035, India",(12.9002104 - 77.7235963),2024-06-03 12:55:38,560035,Electronic City
"88, Mullur Rd, Mullur, Bengaluru, Karnataka 560087, India",(12.9008483 - 77.72329),2024-06-03 12:58:48,560087,Whitefield Area
"88, Mullur Rd, Mullur, Bengaluru, Karnataka 560087, India",(12.9008147 - 77.72326),2024-06-03 13:01:31,560087,Whitefield Area
"WP2C+VX9, Bengaluru, Karnataka 560087, India",(12.90191 - 77.72247),2024-06-03 13:04:14,560087,Whitefield Area
"WP2C+RV4, Bengaluru, Karnataka 560087, India",(12.902005 - 77.7224467),2024-06-03 13:06:57,560087,Whitefield Area
"104, Mullur, Bengaluru, Karnataka 560087, India",(12.9029449 - 77.7243039),2024-06-03 13:09:39,560087,Whitefield Area
"Unnamed Road, Mullur, Bengaluru, Karnataka 560087, India",(12.9070567 - 77.7239533),2024-06-03 13:12:22,560087,Whitefield Area
"WP69+34, Bengaluru, Karnataka 560087, India",(12.909838 - 77.7185416),2024-06-03 13:15:05,560087,Whitefield Area
"3, Gunjur-Doddakannelli Rd, Chikkabellandur, Bengaluru, Karnataka 560087, India",(12.9157723 - 77.7182308),2024-06-03 13:17:48,560087,Whitefield Area
"WP9G+G3H, Gunjur Palya Rd, Gunjur Palya, Bengaluru, Karnataka 560087, India",(12.9186074 - 77.7252321),2024-06-03 13:20:31,560087,Whitefield Area
"181, Gunjur Palya Rd, Gunjur Village, Bengaluru, Karnataka 560087, India",(12.9258305 - 77.7164026),2024-06-03 13:23:14,560087,Whitefield Area
"44/10, Balagere Rd, Balagere, Bengaluru, Bellandur Amanikere, Karnataka 560087, India",(12.9394773 - 77.7178402),2024-06-03 13:25:57,560087,Whitefield Area
"Thubaralli main road, near Vibgyor High School Road, Whitefield, Thubarahalli, Munnekollal, XP28+FXV, Silver Springs Layout, Whitefield, Bengaluru, Karnataka 560066, India",(12.951345 - 77.717475),2024-06-03 13:30:28,560066,Whitefield Area
", Kundalahalli Gate, 70, Vibgyor High School Rd, Kumarapalli, Thubarahalli, Whitefield, Bengaluru, Karnataka 560066, India",(12.9548494 - 77.717371),2024-06-03 13:33:11,560066,Whitefield Area
"43/2, VMR Complex, gate signal, Varthur Main Rd, Kundalahalli, Marathahalli, Bengaluru, Karnataka 560066, India",(12.9557017 - 77.715055),2024-06-03 13:35:54,560066,Whitefield Area
"XP49+6GW, Varthur Main Rd, Kumarapalli, Thubarahalli, Brookefield, Bengaluru, Karnataka 560066, India",(12.955798 - 77.7187738),2024-06-03 13:38:37,560066,Whitefield Area
"XP4H+FXC, Brookefield, Bengaluru, Karnataka 560066, India",(12.9561313 - 77.7299829),2024-06-03 13:42:14,560066,Whitefield Area
"XP7J+CQX, New Temple Rd, Nallurhalli, Whitefield, Bengaluru, Karnataka 560066, India",(12.9635788 - 77.7319062),2024-06-03 13:44:57,560066,Whitefield Area
"XP7J+FMF, New Temple Rd, Nallurhalli, Whitefield, Bengaluru, Karnataka 560066, India",(12.9636583 - 77.7314083),2024-06-03 13:47:40,560066,Whitefield Area
"357, Nallurhalli, Whitefield, Bengaluru, Karnataka 560066, India",(12.967063 - 77.7308838),2024-06-03 13:50:22,560066,Whitefield Area
"Vydehi Signal, Vijayanagar, Nallurhalli, Whitefield, Bengaluru, Karnataka 560066, India",(12.9745903 - 77.7270152),2024-06-03 13:53:05,560066,Whitefield Area
"Ktpo, Rd Number 2, Vijayanagar, KIADB Export Promotion Industrial Area, Whitefield, Bengaluru, Karnataka 560066, India",(12.9768793 - 77.721964),2024-06-03 13:55:48,560066,Whitefield Area
"XPJF+432, Rd Number 7, Vijayanagar, KIADB Export Promotion Industrial Area, Whitefield, Bengaluru, Karnataka 560066, India",(12.9803847 - 77.7227228),2024-06-03 13:58:31,560066,Whitefield Area
"XPJF+432, Rd Number 7, Vijayanagar, KIADB Export Promotion Industrial Area, Whitefield, Bengaluru, Karnataka 560066, India",(12.9803383 - 77.7231383),2024-06-03 14:01:14,560066,Whitefield Area
"XPJF+432, Rd Number 7, Vijayanagar, KIADB Export Promotion Industrial Area, Whitefield, Bengaluru, Karnataka 560066, India",(12.9803383 - 77.7231383),2024-06-03 14:03:57,560066,Whitefield Area
"XPJF+C7V L & T INFOTECH, KIADB Export Promotion Industrial Area, Whitefield, Bengaluru, Karnataka 560066, India",(12.9811826 - 77.7230841),2024-06-03 14:08:46,560066,Whitefield Area
"XPJF+C7V L & T INFOTECH, KIADB Export Promotion Industrial Area, Whitefield, Bengaluru, Karnataka 560066, India",(12.9808033 - 77.72332),2024-06-03 14:11:55,560066,Whitefield Area
"XPJF+C7V L & T INFOTECH, KIADB Export Promotion Industrial Area, Whitefield, Bengaluru, Karnataka 560066, India",(12.980755 - 77.7233217),2024-06-03 14:15:02,560066,Whitefield Area
"XPJF+C7V L & T INFOTECH, KIADB Export Promotion Industrial Area, Whitefield, Bengaluru, Karnataka 560066, India",(12.9807859 - 77.7234985),2024-06-03 14:18:08,560066,Whitefield Area
"XPJF+C7V L & T INFOTECH, KIADB Export Promotion Industrial Area, Whitefield, Bengaluru, Karnataka 560066, India",(12.9809601 - 77.7233157),2024-06-03 14:22:16,560066,Whitefield Area
"XPJF+C7V L & T INFOTECH, KIADB Export Promotion Industrial Area, Whitefield, Bengaluru, Karnataka 560066, India",(12.9811615 - 77.7230308),2024-06-03 14:26:11,560066,Whitefield Area
"XPJF+C7V L & T INFOTECH, KIADB Export Promotion Industrial Area, Whitefield, Bengaluru, Karnataka 560066, India",(12.9811734 - 77.7230291),2024-06-03 14:29:16,560066,Whitefield Area
"XPJF+C7V L & T INFOTECH, KIADB Export Promotion Industrial Area, Whitefield, Bengaluru, Karnataka 560066, India",(12.9811757 - 77.7230322),2024-06-03 14:32:27,560066,Whitefield Area
"XPJF+C7V L & T INFOTECH, KIADB Export Promotion Industrial Area, Whitefield, Bengaluru, Karnataka 560066, India",(12.9811775 - 77.7230404),2024-06-03 14:35:42,560066,Whitefield Area
"XPJF+C7V L & T INFOTECH, KIADB Export Promotion Industrial Area, Whitefield, Bengaluru, Karnataka 560066, India",(12.9810004 - 77.7231849),2024-06-03 14:41:10,560066,Whitefield Area
"XPJF+C7V L & T INFOTECH, KIADB Export Promotion Industrial Area, Whitefield, Bengaluru, Karnataka 560066, India",(12.9811522 - 77.7230633),2024-06-03 14:45:40,560066,Whitefield Area
"XPJF+C7V L & T INFOTECH, KIADB Export Promotion Industrial Area, Whitefield, Bengaluru, Karnataka 560066, India",(12.9810142 - 77.7231331),2024-06-03 14:50:09,560066,Whitefield Area
"XPJF+C7V L & T INFOTECH, KIADB Export Promotion Industrial Area, Whitefield, Bengaluru, Karnataka 560066, India",(12.9810336 - 77.723081),2024-06-03 14:54:38,560066,Whitefield Area
"XPJF+C7V L & T INFOTECH, KIADB Export Promotion Industrial Area, Whitefield, Bengaluru, Karnataka 560066, India",(12.9807467 - 77.723165),2024-06-03 14:58:16,560066,Whitefield Area
"XPJF+C7V L & T INFOTECH, KIADB Export Promotion Industrial Area, Whitefield, Bengaluru, Karnataka 560066, India",(12.9810333 - 77.7230796),2024-06-03 15:01:38,560066,Whitefield Area
"XPJF+C7V L & T INFOTECH, KIADB Export Promotion Industrial Area, Whitefield, Bengaluru, Karnataka 560066, India",(12.9810144 - 77.7231215),2024-06-03 15:05:38,560066,Whitefield Area
"XPJF+C7V L & T INFOTECH, KIADB Export Promotion Industrial Area, Whitefield, Bengaluru, Karnataka 560066, India",(12.9810428 - 77.7231375),2024-06-03 15:08:39,560066,Whitefield Area
"XPJF+C7V L & T INFOTECH, KIADB Export Promotion Industrial Area, Whitefield, Bengaluru, Karnataka 560066, India",(12.9810299 - 77.723102),2024-06-03 15:13:10,560066,Whitefield Area
"XPJF+C7V L & T INFOTECH, KIADB Export Promotion Industrial Area, Whitefield, Bengaluru, Karnataka 560066, India",(12.9810098 - 77.7231996),2024-06-03 15:16:39,560066,Whitefield Area
"XPJF+C7V L & T INFOTECH, KIADB Export Promotion Industrial Area, Whitefield, Bengaluru, Karnataka 560066, India",(12.9810852 - 77.7231157),2024-06-03 15:20:40,560066,Whitefield Area
"XPJF+C7V L & T INFOTECH, KIADB Export Promotion Industrial Area, Whitefield, Bengaluru, Karnataka 560066, India",(12.9807983 - 77.7230983),2024-06-03 15:25:12,560066,Whitefield Area
"XPJF+C7V L & T INFOTECH, KIADB Export Promotion Industrial Area, Whitefield, Bengaluru, Karnataka 560066, India",(12.9811003 - 77.7230676),2024-06-03 15:31:11,560066,Whitefield Area
"XPJF+C7V L & T INFOTECH, KIADB Export Promotion Industrial Area, Whitefield, Bengaluru, Karnataka 560066, India",(12.9808067 - 77.7230767),2024-06-03 15:34:41,560066,Whitefield Area
"XPJF+432, Rd Number 7, Vijayanagar, KIADB Export Promotion Industrial Area, Whitefield, Bengaluru, Karnataka 560066, India",(12.98046 - 77.723115),2024-06-03 15:38:05,560066,Whitefield Area
"XPJF+432, Rd Number 7, Vijayanagar, KIADB Export Promotion Industrial Area, Whitefield, Bengaluru, Karnataka 560066, India",(12.980415 - 77.7231617),2024-06-03 15:41:20,560066,Whitefield Area
"TOWER-2, GENISYS NOVOZYMES TOASTMASTERS CLUB, Rd Number 5, Vijayanagar, KIADB Export Promotion Industrial Area, Whitefield, Bengaluru, Karnataka 560066, India",(12.9784024 - 77.7217796),2024-06-03 15:44:35,560066,Whitefield Area
"XPJF+5G9, Rd Number 7, Vijayanagar, KIADB Export Promotion Industrial Area, Whitefield, Bengaluru, Karnataka 560066, India",(12.9802713 - 77.7239259),2024-06-03 15:48:07,560066,Whitefield Area
"XPJF+432, Rd Number 7, Vijayanagar, KIADB Export Promotion Industrial Area, Whitefield, Bengaluru, Karnataka 560066, India",(12.9803717 - 77.7231267),2024-06-03 15:51:34,560066,Whitefield Area
"XPJF+C7V L & T INFOTECH, KIADB Export Promotion Industrial Area, Whitefield, Bengaluru, Karnataka 560066, India",(12.9807483 - 77.7230967),2024-06-03 15:54:48,560066,Whitefield Area
"XPJF+C7V L & T INFOTECH, KIADB Export Promotion Industrial Area, Whitefield, Bengaluru, Karnataka 560066, India",(12.9811768 - 77.7230372),2024-06-03 15:59:03,560066,Whitefield Area
"XPJF+C7V L & T INFOTECH, KIADB Export Promotion Industrial Area, Whitefield, Bengaluru, Karnataka 560066, India",(12.9807533 - 77.7230617),2024-06-03 16:02:21,560066,Whitefield Area
"XPJF+5G9, Rd Number 7, Vijayanagar, KIADB Export Promotion Industrial Area, Whitefield, Bengaluru, Karnataka 560066, India",(12.9802713 - 77.7239259),2024-06-03 16:05:40,560066,Whitefield Area
"Genisys Transport Room, Vijayanagar, KIADB Export Promotion Industrial Area, Whitefield, Bengaluru, Karnataka 560006, India",(12.980305 - 77.7231267),2024-06-03 16:09:05,560006,Koramangala
"XPJF+5G9, Rd Number 7, Vijayanagar, KIADB Export Promotion Industrial Area, Whitefield, Bengaluru, Karnataka 560066, India",(12.9802713 - 77.7239259),2024-06-03 16:12:18,560066,Whitefield Area
"XPJF+C7V L & T INFOTECH, KIADB Export Promotion Industrial Area, Whitefield, Bengaluru, Karnataka 560066, India",(12.9811452 - 77.7231378),2024-06-03 16:15:35,560066,Whitefield Area
"XPJF+432, Rd Number 7, Vijayanagar, KIADB Export Promotion Industrial Area, Whitefield, Bengaluru, Karnataka 560066, India",(12.9804417 - 77.7231783),2024-06-03 16:18:46,560066,Whitefield Area
"XPJF+C7V L & T INFOTECH, KIADB Export Promotion Industrial Area, Whitefield, Bengaluru, Karnataka 560066, India",(12.9809518 - 77.7232986),2024-06-03 16:21:53,560066,Whitefield Area
"XPJF+C7V L & T INFOTECH, KIADB Export Promotion Industrial Area, Whitefield, Bengaluru, Karnataka 560066, India",(12.980745 - 77.7231383),2024-06-03 16:24:59,560066,Whitefield Area
"56, Vijayanagar, KIADB Export Promotion Industrial Area, Whitefield, Bengaluru, Karnataka 560066, India",(12.9776245 - 77.7235871),2024-06-03 16:28:02,560066,Whitefield Area
"XPGG+PMP, Rd Number 2, Vijayanagar, KIADB Export Promotion Industrial Area, Whitefield, Bengaluru, Karnataka 560066, India",(12.9768387 - 77.726655),2024-06-03 16:31:11,560066,Whitefield Area
"XPGG+HMP, Rd Number 2, Vijayanagar, EPIP Zone, Whitefield, Bengaluru, Karnataka 560066, India",(12.9765433 - 77.7261633),2024-06-03 16:39:09,560066,Whitefield Area
"L-Center, Vydehi RC-1 Block, EPIP Industrial Area, 82, 6th Rd, KIADB Export Promotion Industrial Area, Whitefield, Bengaluru, Karnataka 560066, India",(12.9778367 - 77.7275867),2024-06-03 16:43:20,560066,Whitefield Area
"77, KIADB Export Promotion Industrial Area, Whitefield, Bengaluru, Karnataka 560066, India",(12.9777978 - 77.7277528),2024-06-03 16:46:23,560066,Whitefield Area
"77, KIADB Export Promotion Industrial Area, Whitefield, Bengaluru, Karnataka 560066, India",(12.9778413 - 77.7277789),2024-06-03 16:49:28,560066,Whitefield Area
"L-Center, Vydehi RC-1 Block, EPIP Industrial Area, 82, 6th Rd, KIADB Export Promotion Industrial Area, Whitefield, Bengaluru, Karnataka 560066, India",(12.9778317 - 77.72758),2024-06-03 16:52:34,560066,Whitefield Area
"77, KIADB Export Promotion Industrial Area, Whitefield, Bengaluru, Karnataka 560066, India",(12.9779677 - 77.7277679),2024-06-03 16:56:39,560066,Whitefield Area
"L-Center, Vydehi RC-1 Block, EPIP Industrial Area, 82, 6th Rd, KIADB Export Promotion Industrial Area, Whitefield, Bengaluru, Karnataka 560066, India",(12.97789 - 77.727515),2024-06-03 16:59:44,560066,Whitefield Area
"77, KIADB Export Promotion Industrial Area, Whitefield, Bengaluru, Karnataka 560066, India",(12.977876 - 77.7277366),2024-06-03 17:02:48,560066,Whitefield Area
"77, KIADB Export Promotion Industrial Area, Whitefield, Bengaluru, Karnataka 560066, India",(12.9779143 - 77.7277938),2024-06-03 17:05:50,560066,Whitefield Area
"77, KIADB Export Promotion Industrial Area, Whitefield, Bengaluru, Karnataka 560066, India",(12.9779595 - 77.727767),2024-06-03 17:08:57,560066,Whitefield Area
"77, KIADB Export Promotion Industrial Area, Whitefield, Bengaluru, Karnataka 560066, India",(12.9779367 - 77.7277425),2024-06-03 17:12:03,560066,Whitefield Area
"L-Center, Vydehi RC-1 Block, EPIP Industrial Area, 82, 6th Rd, KIADB Export Promotion Industrial Area, Whitefield, Bengaluru, Karnataka 560066, India",(12.9779733 - 77.7277816),2024-06-03 17:15:08,560066,Whitefield Area
"77, KIADB Export Promotion Industrial Area, Whitefield, Bengaluru, Karnataka 560066, India",(12.9777938 - 77.7277889),2024-06-03 17:18:12,560066,Whitefield Area
"77, KIADB Export Promotion Industrial Area, Whitefield, Bengaluru, Karnataka 560066, India",(12.9778171 - 77.7277706),2024-06-03 17:21:15,560066,Whitefield Area
"L-Center, Vydehi RC-1 Block, EPIP Industrial Area, 82, 6th Rd, KIADB Export Promotion Industrial Area, Whitefield, Bengaluru, Karnataka 560066, India",(12.9778433 - 77.7275633),2024-06-03 17:24:21,560066,Whitefield Area
"TATA CONSULTANCY SERVICES-1, KIADB Export Promotion Industrial Area, Whitefield, Bengaluru, Karnataka 560066, India",(12.9777176 - 77.7273213),2024-06-03 17:27:26,560066,Whitefield Area
"77, KIADB Export Promotion Industrial Area, Whitefield, Bengaluru, Karnataka 560066, India",(12.9777394 - 77.7277809),2024-06-03 17:30:24,560066,Whitefield Area
"77, KIADB Export Promotion Industrial Area, Whitefield, Bengaluru, Karnataka 560066, India",(12.9778989 - 77.7277857),2024-06-03 17:33:33,560066,Whitefield Area
"77, KIADB Export Promotion Industrial Area, Whitefield, Bengaluru, Karnataka 560066, India",(12.9778354 - 77.7277695),2024-06-03 17:36:36,560066,Whitefield Area
"TATA CONSULTANCY SERVICES-1, KIADB Export Promotion Industrial Area, Whitefield, Bengaluru, Karnataka 560066, India",(12.9778083 - 77.7273917),2024-06-03 17:39:45,560066,Whitefield Area
"Jbr Tech Park, Jbr Tech Park, KIADB Export Promotion Industrial Area, Whitefield, Bengaluru, Karnataka 560066, India",(12.9780007 - 77.72778),2024-06-03 17:42:50,560066,Whitefield Area
"First Technology Park Citius Block, Road No. 10, KIADB Export Promotion Industrial Area, Whitefield, Bengaluru, Karnataka 560066, India",(12.9844138 - 77.7292916),2024-06-03 17:47:56,560066,Whitefield Area
"First Technology Park Citius Block, Road No. 10, KIADB Export Promotion Industrial Area, Whitefield, Bengaluru, Karnataka 560066, India",(12.9844138 - 77.7292916),2024-06-03 17:51:01,560066,Whitefield Area
"First Technology Park Citius Block, Road No. 10, KIADB Export Promotion Industrial Area, Whitefield, Bengaluru, Karnataka 560066, India",(12.9844138 - 77.7292916),2024-06-03 17:54:13,560066,Whitefield Area
"09, KIADB Export Promotion Industrial Area, Whitefield, Bengaluru, Karnataka 560066, India",(12.9840733 - 77.7284183),2024-06-03 17:57:24,560066,Whitefield Area
"09, KIADB Export Promotion Industrial Area, Whitefield, Bengaluru, Karnataka 560066, India",(12.9841383 - 77.7284583),2024-06-03 18:00:30,560066,Whitefield Area
"09, Road No. 10, KIADB Export Promotion Industrial Area, Whitefield, Bengaluru, Karnataka 560066, India",(12.9842667 - 77.7285533),2024-06-03 18:04:10,560066,Whitefield Area
"09, Road No. 10, KIADB Export Promotion Industrial Area, Whitefield, Bengaluru, Karnataka 560066, India",(12.9845883 - 77.7286417),2024-06-03 18:07:10,560066,Whitefield Area
"IBM Bus Stop, 1st Main Rd, KIADB Export Promotion Industrial Area, Whitefield, Bengaluru, Karnataka 560066, India",(12.9840911 - 77.7287857),2024-06-03 18:11:11,560066,Whitefield Area
"220, ITPL Main Rd, KIADB Export Promotion Industrial Area, Whitefield, Bengaluru, Karnataka 560066, India",(12.9882874 - 77.7298738),2024-06-03 18:16:10,560066,Whitefield Area
"XPPG+XH2 Keerthi Signature Block-C, Keerthi Signature, KIADB Export Promotion Industrial Area, Whitefield, Bengaluru, Karnataka 560066, India",(12.9876059 - 77.7259852),2024-06-03 18:19:12,560066,Whitefield Area
"No 01, near Brundavan Bar And Restaurant, Hoodi, Bengaluru, Karnataka 560048, India",(12.9920577 - 77.71696),2024-06-03 18:22:12,560048,Electronic City
"XPV2+GHP, Garudachar Palya, Mahadevapura, Bengaluru, Karnataka 560048, India",(12.993824 - 77.7014367),2024-06-03 18:26:49,560048,Electronic City
"Itpl Main Rd Mhadevpur, Itpl Mine Rd Mhadevpur, RHB Colony, Mahadevapura, Bengaluru, Karnataka 560048, India",(12.9951544 - 77.6959477),2024-06-03 18:31:33,560048,Electronic City
"B Narayanapura, Kamadhenu Nagar, B Narayanapura, Mahadevapura, Bengaluru, Karnataka 560016, India",(13.0002715 - 77.6837554),2024-06-03 18:34:56,560016,Indiranagar
"411, 2nd Main Rd, A Narayanapura, Jyothi Puram, Dooravani Nagar, Bengaluru, Karnataka 560016, India",(12.9941264 - 77.6717024),2024-06-03 18:40:00,560016,Indiranagar
"Salarpuria Sattva Magnificia, 11, Shakti Nagar Rd, Pai Layout, Mahadevapura, Bengaluru, Karnataka 560048, India",(12.9950517 - 77.6687933),2024-06-03 18:44:10,560048,Electronic City
"83, 2nd Main Rd, East of NGEF Layout, Indiranagar, Bengaluru, Karnataka 560038, India",(12.9984813 - 77.6635043),2024-06-03 18:47:06,560038,Electronic City
"211, Outer Ring Rd, East of NGEF Layout, Kasturi Nagar, Bengaluru, Karnataka 560043, India",(13.0041769 - 77.6627746),2024-06-03 18:50:26,560043,Indiranagar
"70, 7th Cross Rd, Vijaya Bank Colony, Banaswadi, Bengaluru, Karnataka 560043, India",(13.0159713 - 77.6615213),2024-06-03 18:53:37,560043,Indiranagar
"23, Service Rd, Kallumantapa, Horamavu, Bengaluru, Karnataka 560043, India",(13.0175583 - 77.6586683),2024-06-03 18:56:45,560043,Indiranagar
"Shop Number. 2,Akkamma Bulding, Horamavu Main Rd, T K Reddy Layout, Annaiah Reddy Layout, Dodda Banaswadi, Bengaluru, Karnataka 560043, India",(13.0184817 - 77.6565467),2024-06-03 18:59:50,560043,Indiranagar
"2JJJ+P6C, HBR Layout 4th Block, HBR Layout, Bengaluru, Karnataka 560043, India",(13.0319333 - 77.630445),2024-06-03 19:02:57,560043,Indiranagar
"2JR8+FW3, DadaMastan Layout, Manayata Tech Park, Nagavara, Bengaluru, Karnataka 560024, India",(13.04073 - 77.6174733),2024-06-03 19:06:04,560024,Bannerghatta Road
"2JV2+9QX, Service Rd, Nagavara, Bengaluru, Karnataka 560032, India",(13.04369 - 77.6020683),2024-06-03 19:09:10,560032,Rajajinagar
"Kempapura, Service Rd, Kariyana Layout, Chinana Layout, Guddadahalli, Hebbal, Bengaluru, Karnataka 560032, India",(13.0427333 - 77.601465),2024-06-03 19:12:14,560032,Rajajinagar
"Tadipatri - Bangalore Rd, Subramani Nagar, Vayunandana Layout, Hebbal Kempapura, Bengaluru, Karnataka 560024, India",(13.0433333 - 77.59071),2024-06-03 19:15:19,560024,Bannerghatta Road
"University Of Agricultural Sciences Institure Of Animal Health & Veterinary Biologicals, UNIVERSITY OF AGRICULTURAL SCIENCES, Sanjayanagara, Bengaluru, Karnataka 560024, India",(13.0341667 - 77.5873883),2024-06-03 19:18:24,560024,Bannerghatta Road
"Raineo Associates,Shanker house,Mekhri circle, 1st Floor, CV Raman Rd, Raj Mahal Vilas Extension, Armane Nagar, Bengaluru, Karnataka 560080, India",(13.0144245 - 77.5834728),2024-06-03 19:21:26,560080,MG Road
"236, Kodandarampura, Armane Nagar, Bengaluru, Karnataka 560080, India",(13.0146384 - 77.5747291),2024-06-03 19:26:38,560080,MG Road
"238, Kodandarampura, Armane Nagar, Bengaluru, Karnataka 560080, India",(13.0144183 - 77.57429),2024-06-03 19:30:49,560080,MG Road
"401/A, Kodandarampura, Armane Nagar, Bengaluru, Karnataka 560012, India",(13.01277 - 77.5711917),2024-06-03 19:34:58,560012,Yeshwanthpur
"Institute Of Science Campus, 20, Devasandra Layout, Bengaluru, Karnataka 560012, India",(13.0226893 - 77.5686631),2024-06-03 19:37:53,560012,Yeshwanthpur
"Institute Of Science Campus, 20, Devasandra Layout, Bengaluru, Karnataka 560012, India",(13.022686 - 77.5685763),2024-06-03 19:38:10,560012,Yeshwanthpur
"XQH3+68M, Pattandur Gutta Kanakadasa Rd, Inner Valley, Whitefield, Bengaluru, Karnataka 560066, India",(12.9781245 - 77.7532323),2024-06-04 08:06:45,560066,Whitefield Area
"223/42, 5th Cross Rd, Hill Side Layout, Ambedkar Nagar, Whitefield, Bengaluru, Karnataka 560066, India",(12.9797851 - 77.7530359),2024-06-04 08:09:50,560066,Whitefield Area
"XQH2+WH7, Happy Valley, Whitefield, Bengaluru, Karnataka 560066, India",(12.9796414 - 77.7516261),2024-06-04 16:03:23,560066,Whitefield Area
"246, Inner Valley, Whitefield, Bengaluru, Karnataka 560066, India",(12.9795413 - 77.7518843),2024-06-04 16:05:34,560066,Whitefield Area
"Manyata Tech Park 1 Block-T, MS Ramaiah North City, Manayata Tech Park, Hebbal, Bengaluru, Karnataka 560045, India",(13.0419046 - 77.6197173),2024-06-05 06:02:06,560045,Indiranagar
"Manyata Tech Park 1 Block-T, MS Ramaiah North City, Manayata Tech Park, Hebbal, Bengaluru, Karnataka 560045, India",(13.0418843 - 77.6197047),2024-06-05 06:05:04,560045,Indiranagar
"Manyata Tech Park 1 Block-T, MS Ramaiah North City, Manayata Tech Park, Hebbal, Bengaluru, Karnataka 560045, India",(13.0419058 - 77.6197156),2024-06-05 06:08:08,560045,Indiranagar
"Manyata Tech Park 1 Block-T, MS Ramaiah North City, Manayata Tech Park, Hebbal, Bengaluru, Karnataka 560045, India",(13.0418851 - 77.6196993),2024-06-05 06:11:08,560045,Indiranagar
"Manyata Tech Park 1 Block-T, MS Ramaiah North City, Manayata Tech Park, Hebbal, Bengaluru, Karnataka 560045, India",(13.0419073 - 77.6197145),2024-06-05 06:14:16,560045,Indiranagar
"Manyata Tech Park 1 Block-T, MS Ramaiah North City, Manayata Tech Park, Hebbal, Bengaluru, Karnataka 560045, India",(13.041897 - 77.6197159),2024-06-05 06:17:16,560045,Indiranagar
"2JR9+WPQ, MS Ramaiah North City, Manayata Tech Park, Nagavara, Bengaluru, Karnataka 560045, India",(13.0420289 - 77.6196733),2024-06-05 06:20:21,560045,Indiranagar
"Manyata Tech Park 1 Block-T, MS Ramaiah North City, Manayata Tech Park, Hebbal, Bengaluru, Karnataka 560045, India",(13.0418729 - 77.6197017),2024-06-05 06:23:23,560045,Indiranagar
"Manyata Tech Park 1 Block-T, MS Ramaiah North City, Manayata Tech Park, Hebbal, Bengaluru, Karnataka 560045, India",(13.0418839 - 77.6197052),2024-06-05 06:26:21,560045,Indiranagar
"Manyata Tech Park 1 Block-T, MS Ramaiah North City, Manayata Tech Park, Hebbal, Bengaluru, Karnataka 560045, India",(13.0418696 - 77.6196884),2024-06-05 06:29:20,560045,Indiranagar
"Manyata Tech Park 1 Block-T, MS Ramaiah North City, Manayata Tech Park, Hebbal, Bengaluru, Karnataka 560045, India",(13.0418931 - 77.6197078),2024-06-05 06:32:13,560045,Indiranagar
"Manyata Tech Park 1 Block-T, MS Ramaiah North City, Manayata Tech Park, Hebbal, Bengaluru, Karnataka 560045, India",(13.041912 - 77.6197154),2024-06-05 06:35:00,560045,Indiranagar
"Manyata Tech Park 1 Block-T, MS Ramaiah North City, Manayata Tech Park, Hebbal, Bengaluru, Karnataka 560045, India",(13.0419486 - 77.6197288),2024-06-05 06:37:46,560045,Indiranagar
"Manyata Tech Park 1 Block-T, MS Ramaiah North City, Manayata Tech Park, Hebbal, Bengaluru, Karnataka 560045, India",(13.0418856 - 77.6197056),2024-06-05 06:40:45,560045,Indiranagar
"Manyata Tech Park 1 Block-T, MS Ramaiah North City, Manayata Tech Park, Hebbal, Bengaluru, Karnataka 560045, India",(13.0419056 - 77.6197171),2024-06-05 06:43:34,560045,Indiranagar
"Manyata Tech Park 1 Block-T, MS Ramaiah North City, Manayata Tech Park, Hebbal, Bengaluru, Karnataka 560045, India",(13.0419048 - 77.6197114),2024-06-05 06:46:25,560045,Indiranagar
"Manyata Tech Park 1 Block-T, MS Ramaiah North City, Manayata Tech Park, Hebbal, Bengaluru, Karnataka 560045, India",(13.0418822 - 77.6196928),2024-06-05 06:49:15,560045,Indiranagar
"Manyata Tech Park 1 Block-T, MS Ramaiah North City, Manayata Tech Park, Hebbal, Bengaluru, Karnataka 560045, India",(13.0419053 - 77.6197116),2024-06-05 06:52:06,560045,Indiranagar
"Manyata Tech Park 1 Block-T, MS Ramaiah North City, Manayata Tech Park, Hebbal, Bengaluru, Karnataka 560045, India",(13.0418739 - 77.6196949),2024-06-05 06:54:59,560045,Indiranagar
"Manyata Tech Park 1 Block-T, MS Ramaiah North City, Manayata Tech Park, Hebbal, Bengaluru, Karnataka 560045, India",(13.041892 - 77.6197167),2024-06-05 06:57:45,560045,Indiranagar
"Manyata Tech Park 1 Block-T, MS Ramaiah North City, Manayata Tech Park, Hebbal, Bengaluru, Karnataka 560045, India",(13.0417455 - 77.6196474),2024-06-05 07:00:33,560045,Indiranagar
"Manyata Tech Park 1 Block-T, MS Ramaiah North City, Manayata Tech Park, Hebbal, Bengaluru, Karnataka 560045, India",(13.0419054 - 77.6197118),2024-06-05 07:03:23,560045,Indiranagar
"Manyata Tech Park 1 Block-T, MS Ramaiah North City, Manayata Tech Park, Hebbal, Bengaluru, Karnataka 560045, India",(13.0418873 - 77.6197007),2024-06-05 07:06:11,560045,Indiranagar
"Manyata Tech Park 1 Block-T, MS Ramaiah North City, Manayata Tech Park, Hebbal, Bengaluru, Karnataka 560045, India",(13.041909 - 77.6197171),2024-06-05 07:09:04,560045,Indiranagar
"Manyata Tech Park 1 Block-T, MS Ramaiah North City, Manayata Tech Park, Hebbal, Bengaluru, Karnataka 560045, India",(13.0419046 - 77.619714),2024-06-05 07:11:49,560045,Indiranagar
"Manyata Tech Park 1 Block-T, MS Ramaiah North City, Manayata Tech Park, Hebbal, Bengaluru, Karnataka 560045, India",(13.0418984 - 77.6197102),2024-06-05 07:14:39,560045,Indiranagar
"Manyata Tech Park 1 Block-T, MS Ramaiah North City, Manayata Tech Park, Hebbal, Bengaluru, Karnataka 560045, India",(13.0419516 - 77.6197288),2024-06-05 07:17:34,560045,Indiranagar
"Manyata Tech Park 1 Block-T, MS Ramaiah North City, Manayata Tech Park, Hebbal, Bengaluru, Karnataka 560045, India",(13.0419048 - 77.6197138),2024-06-05 07:20:28,560045,Indiranagar
"Manyata Tech Park 1 Block-T, MS Ramaiah North City, Manayata Tech Park, Hebbal, Bengaluru, Karnataka 560045, India",(13.0418885 - 77.6197021),2024-06-05 07:23:21,560045,Indiranagar
"Manyata Tech Park 1 Block-T, MS Ramaiah North City, Manayata Tech Park, Hebbal, Bengaluru, Karnataka 560045, India",(13.0418845 - 77.6196979),2024-06-05 07:26:06,560045,Indiranagar
"Manyata Tech Park 1 Block-T, MS Ramaiah North City, Manayata Tech Park, Hebbal, Bengaluru, Karnataka 560045, India",(13.0418934 - 77.6197099),2024-06-05 07:29:06,560045,Indiranagar
"Manyata Tech Park 1 Block-T, MS Ramaiah North City, Manayata Tech Park, Hebbal, Bengaluru, Karnataka 560045, India",(13.0418726 - 77.6196912),2024-06-05 07:32:10,560045,Indiranagar
"Manyata Tech Park 1 Block-T, MS Ramaiah North City, Manayata Tech Park, Hebbal, Bengaluru, Karnataka 560045, India",(13.0418706 - 77.6196905),2024-06-05 07:35:20,560045,Indiranagar
"Manyata Tech Park 1 Block-T, MS Ramaiah North City, Manayata Tech Park, Hebbal, Bengaluru, Karnataka 560045, India",(13.0418835 - 77.6197104),2024-06-05 07:38:15,560045,Indiranagar
"Manyata Tech Park 1 Block-T, MS Ramaiah North City, Manayata Tech Park, Hebbal, Bengaluru, Karnataka 560045, India",(13.0415038 - 77.6192269),2024-06-05 07:41:06,560045,Indiranagar
"2, Outer Ring Rd, MS Ramaiah North City, Manayata Tech Park, Nagawara, Bengaluru, Karnataka 560045, India",(13.0418884 - 77.6201727),2024-06-05 07:43:49,560045,Indiranagar
"2, Outer Ring Rd, MS Ramaiah North City, Manayata Tech Park, Nagawara, Bengaluru, Karnataka 560045, India",(13.0418884 - 77.6201727),2024-06-05 07:46:31,560045,Indiranagar
"Manyatha Embasy Business Park, Nagavara, Bengaluru, Karnataka 560045, India",(13.0412617 - 77.6198837),2024-06-05 07:49:13,560045,Indiranagar
"Manyatha Embasy Business Park, Nagavara, Bengaluru, Karnataka 560045, India",(13.041261 - 77.6198917),2024-06-05 07:51:57,560045,Indiranagar
"2JRC+H97, MS Ramaiah North City, Manayata Tech Park, Nagavara, Bengaluru, Karnataka 560045, India",(13.0413042 - 77.6211557),2024-06-05 07:54:42,560045,Indiranagar
"Manyata Tech Park 2 Building M-2, Manyata Tech Park 2, Thanisandra, Bengaluru, Karnataka 560045, India",(13.0492858 - 77.6194001),2024-06-05 07:57:25,560045,Indiranagar
"65 gurukripa, 5th Cross Rd, Prasara Bharathi Layout, Dasarahalli, Bengaluru, Byatarayanapura CMC and OG Part, Karnataka 560024, India",(13.054118 - 77.6146792),2024-06-05 08:00:07,560024,Bannerghatta Road
"32, Nada Prabhu Kempe Gowda Main Rd, Fortune Valley, Mariyannapalya, Nagavara, Bengaluru, Byatarayanapura CMC and OG Part, Karnataka 560024, India",(13.0513446 - 77.6119511),2024-06-05 08:02:49,560024,Bannerghatta Road
"2JX6+Q2F, Sandyagappa Reddy Layout, Coffee Board Layout, Nagavara, Bengaluru, Karnataka 560024, India",(13.0494695 - 77.6100355),2024-06-05 08:05:31,560024,Bannerghatta Road
"200, Sandyagappa Reddy Layout, Coffee Board Layout, Nagavara, Bengaluru, Byatarayanapura CMC and OG Part, Karnataka 560024, India",(13.0498783 - 77.6100681),2024-06-05 08:08:13,560024,Bannerghatta Road
"200, Sandyagappa Reddy Layout, Coffee Board Layout, Nagavara, Bengaluru, Byatarayanapura CMC and OG Part, Karnataka 560024, India",(13.0497952 - 77.6100763),2024-06-05 08:12:00,560024,Bannerghatta Road
"200, Sandyagappa Reddy Layout, Coffee Board Layout, Nagavara, Bengaluru, Byatarayanapura CMC and OG Part, Karnataka 560024, India",(13.0497421 - 77.6100733),2024-06-05 08:14:43,560024,Bannerghatta Road
"200, Sandyagappa Reddy Layout, Coffee Board Layout, Nagavara, Bengaluru, Byatarayanapura CMC and OG Part, Karnataka 560024, India",(13.049701 - 77.6100647),2024-06-05 08:17:33,560024,Bannerghatta Road
"Brijita Nilayam, 124, Sandyagappa Reddy Layout, Coffee Board Layout, Nagavara, Bengaluru, Byatarayanapura CMC and OG Part, Karnataka 560024, India",(13.0496517 - 77.6100608),2024-06-05 08:20:18,560024,Bannerghatta Road
"2JX6+Q2F, Sandyagappa Reddy Layout, Coffee Board Layout, Nagavara, Bengaluru, Karnataka 560024, India",(13.0495607 - 77.6100558),2024-06-05 08:23:06,560024,Bannerghatta Road
"2JX6+Q2F, Sandyagappa Reddy Layout, Coffee Board Layout, Nagavara, Bengaluru, Karnataka 560024, India",(13.0495252 - 77.6100559),2024-06-05 08:25:52,560024,Bannerghatta Road
"2JX6+Q2F, Sandyagappa Reddy Layout, Coffee Board Layout, Nagavara, Bengaluru, Karnataka 560024, India",(13.0495028 - 77.6100549),2024-06-05 08:28:40,560024,Bannerghatta Road
"2JX6+Q2F, Sandyagappa Reddy Layout, Coffee Board Layout, Nagavara, Bengaluru, Karnataka 560024, India",(13.0494935 - 77.6100548),2024-06-05 08:31:25,560024,Bannerghatta Road
"2JX6+Q2F, Sandyagappa Reddy Layout, Coffee Board Layout, Nagavara, Bengaluru, Karnataka 560024, India",(13.0494822 - 77.6100548),2024-06-05 08:34:10,560024,Bannerghatta Road
"2JX6+Q2F, Sandyagappa Reddy Layout, Coffee Board Layout, Nagavara, Bengaluru, Karnataka 560024, India",(13.0494753 - 77.6100546),2024-06-05 08:37:00,560024,Bannerghatta Road
"2JX6+Q2F, Sandyagappa Reddy Layout, Coffee Board Layout, Nagavara, Bengaluru, Karnataka 560024, India",(13.0494763 - 77.6100509),2024-06-05 08:39:45,560024,Bannerghatta Road
"2JX6+Q2F, Sandyagappa Reddy Layout, Coffee Board Layout, Nagavara, Bengaluru, Karnataka 560024, India",(13.0495334 - 77.6100198),2024-06-05 08:42:33,560024,Bannerghatta Road
"#198 sen James church main road, hebbal agricultural post., Mariyannapalya, Hebbal Kempapura, Bengaluru, Byatarayanapura CMC and OG Part, Karnataka 560024, India",(13.0497201 - 77.610466),2024-06-05 08:45:15,560024,Bannerghatta Road
"Dasarahalli Hebbala, Dasarahalli, Bengaluru, Byatarayanapura CMC and OG Part, Karnataka 560024, India",(13.0562075 - 77.6116055),2024-06-05 08:48:03,560024,Bannerghatta Road
"27, 10th Cross Rd, Bhuvaneswari Nagar, Hebbal Kempapura, Bengaluru, Byatarayanapura CMC and OG Part, Karnataka 560024, India",(13.0554208 - 77.6031056),2024-06-05 08:50:46,560024,Bannerghatta Road
"Sri Bhuvaneshwari Nagara, Bhuvaneswari Nagar, Dasarahalli, Bengaluru, Byatarayanapura CMC and OG Part, Karnataka 560024, India",(13.0551622 - 77.6021764),2024-06-05 08:53:33,560024,Bannerghatta Road
"Dasarahalli Main Rd, Amruthnagar, Hebbal Kempapura, Bengaluru, Byatarayanapura CMC and OG Part, Karnataka 560092, India",(13.0554867 - 77.5973806),2024-06-05 08:56:16,560092,Bannerghatta Road
"AH43, Godrej Woodsman Estate, Hebbal Kempapura, Bengaluru, Karnataka 560092, India",(13.0533994 - 77.5938093),2024-06-05 08:59:03,560092,Bannerghatta Road
"13, Chiranjeevi Layout, Hebbal Kempapura, Bengaluru, Karnataka 560024, India",(13.0516286 - 77.5935909),2024-06-05 09:01:45,560024,Bannerghatta Road
"Service Road, Kempapura, Hebbal, Bengaluru 560024, India",(13.050534 - 77.593264),2024-06-05 09:04:27,560024,Bannerghatta Road
"Service Road, Kempapura, Hebbal, Bengaluru 560024, India",(13.0471598 - 77.5919119),2024-06-05 09:07:12,560024,Bannerghatta Road
"Kempegowda International Airport Road, Hebbal, Bengaluru 560024, India",(13.0463346 - 77.5915135),2024-06-05 09:09:57,560024,Bannerghatta Road
"Kempegowda International Airport Road, Hebbal, Bengaluru 560024, India",(13.0450373 - 77.5907239),2024-06-05 09:12:42,560024,Bannerghatta Road
"Bellary Road, McEchs Layout, Sahakara Nagar, Bengaluru 560092, India",(13.0614505 - 77.5933399),2024-06-05 09:15:24,560092,Bannerghatta Road
"Bellary Road, Yelahanka, Bengaluru 560092, India",(13.087956 - 77.5954839),2024-06-05 09:18:08,560092,Bannerghatta Road
"Bellary Road, Maruthi Nagar-2nd Stage, Yelahanka, Bengaluru 560064, India",(13.113252 - 77.6059106),2024-06-05 09:20:54,560064,Hebbal
"Bellary Road, Hunasamaranahalli, Bengaluru 562157, India",(13.1387792 - 77.6174684),2024-06-05 09:23:38,562157,Airport Area
"5J7H+36C, Vidya Nagar Cross Rd, Subs Nagar, Chikkajala, Bengaluru, Karnataka 562157, India",(13.1631218 - 77.6282062),2024-06-05 09:26:24,562157,Airport Area
"Itc Factory, 39, Bengaluru, Karnataka 562157, India",(13.1860238 - 77.6425806),2024-06-05 09:29:06,562157,Airport Area
"Navayuga Toll, Yerthiganahalli, Karnataka 562157, India",(13.2003382 - 77.6619038),2024-06-05 09:32:42,562157,Airport Area
"Terminal Blvd, Karnataka 560300, India",(13.1985538 - 77.6898358),2024-06-05 09:35:27,560300,Airport Area
"5PX6+JCH, Gangamuthanahalli, Karnataka 560300, India",(13.1985867 - 77.7115382),2024-06-05 09:38:12,560300,Airport Area
"5PX8+G32, Devanahalli, Southegowdanahalli, Gangamuthanahalli, Karnataka 562110, India",(13.1991921 - 77.7150992),2024-06-05 09:40:57,562110,Yeshwanthpur
"BGM Interior T2 Airport, L&T Yard Area, Bengaluru, Gangamuthanahalli, Karnataka 560300, India",(13.1965392 - 77.7148307),2024-06-05 09:42:17,560300,Airport Area
